1;centre de traitement intercommunal des Etrats;1234;;;
2;Abrahms;mot de passe;;;
3;Abrahms;mot de passe;;;
4;Abrahms;mot de passe;;;
5;Abrahms;mot de passe;;;
6;Abrahms;mot de passe;;;
7;Abrahms;mot de passe;;;
8;Abrahms;mot de passe;;;
9;Abrahms;mot de passe;;;
10;Abrahms;mot de passe;;;
11;Abrahms;mot de passe;;;
12;Abrahms;mot de passe;;;
13;Abrahms;mot de passe;;;
14;Abrahms;mot de passe;;;
15;Abrahms;mot de passe;;;
16;Abrahms;mot de passe;;;
17;Abrahms;mot de passe;;;
18;Abrahms;mot de passe;;;
19;Abrahms;mot de passe;;;
20;Abrahms;mot de passe;;;
21;Abrahms;mot de passe;;;
22;Abrahms;mot de passe;;;
23;Abrahms;mot de passe;;;
